Артикул,Имя,Цена,Валюта,Картинка,Описание,Наличие,Наименование_характеристики,Измерение_характеристики,Наименование_характеристики,Измерение_характеристики,Наименование_характеристики,Измерение_характеристики,Наименование_характеристики,Измерение_характеристики,Наименование_характеристики,Измерение_характеристики,Наименование_характеристики,Измерение_характеристики,Наименование_характеристики,Измерение_характеристики,Наименование_характеристики,Измерение_характеристики,Наименование_характеристики,Измерение_характеристики,Наименование_характеристики,Измерение_характеристики,Наименование_характеристики,Измерение_характеристики,Наименование_характеристики,Измерение_характеристики,Наименование_характеристики,Измерение_характеристики,Наименование_характеристики,Измерение_характеристики,Наименование_характеристики,Измерение_характеристики
TRC100-00,Вытяжка VENTOLUX RIALTO 60 WH (1000) TRC IT,5485,₴,"https://content2.rozetka.com.ua/goods/images/big/49273735.jpg, https://content1.rozetka.com.ua/goods/images/big/49273757.jpg","Мы создали бренд Ventolux для ежедневной заботы о людях, для которых важны семейные ценности, люди, которые заботятся друг о друге, любот красоту и уют, любят вкусно готовить, дружелюбны и приглашают гостей, чтобы вместе разделить радость общения.Вытяжки Ventolux – законодатели модного дизайна, большой мощности, обширной гаммы цветов и разнообразия размеров.Наклонная вытяжка Rialto 60 WH (1000) TRC IT специально разрабатывалась для потребителей, которые ценят надежный функционал и современные возможности. Модель относится к линейке вытяжек Rialto, которые идеально подходят под кухни «Модерн», а также обладают расширенным функционалом.Модель создана из всегда модного черного стекла. Таким образом, отлично дополняя комплекты кухонной техники. Лицевая часть оборудована тремя панелями, из которых верхняя и средняя движутся одновременно. Нижняя панель, через которую осуществляется управление, фиксированная. Удобная наклонная форма вытяжки Rialto 60 WH (1000) TRC IT позволяет максимально рационально распоряжаться рабочим местом. Поскольку исключается вероятность удара головы об нижнюю часть вытяжки.Особенности:Три скорости работы – с каждой скоростью повышается интенсивность очисткиИтальянский турбодвигатель 1000 м³ – эффективная очистка в кухнях до 35 м² (потолки до 3 м)Ширина 60 см – составит прекрасный тандем с варочными поверхностями, плитами, духовыми шкафамиДве энергосберегающие LED-лампы (1 Вт каждая) – естественное освещение рабочего пространстваДва способа управления – сенсорная панель и пульт ДУОчистка путем отвода – быстрое удаление частиц жира вместе с неприятными запахами без оседания их на мебели",+,,,Страна производитель,Турция,Тип,Декоративная,Гарантия,24 месяца официальной гарантии от производителя + 12 месяцев бесплатного постгарантийного сервисного обслуживания,Цвет,Белый,,,,,,,,,Режим работы,Отвод воздуха,Тип монтажа,Пристенный,Диаметр воздуховода,15.0000 см,Количество скоростей,3.0000,"Ширина, см",60,Тип освещения,LED: 2х1 Вт,Тип фильтра,Алюминиевый жировой,Особенности,Итальянский мотор,Комплектация,"Обратный клапан
Пульт ДУ",Габариты (ВхШхГ),35-70 х 60 х 49 см,"Производительность, куб. м/ч",1000,Вес,13.0000 кг,Вес в упаковке,15.0000 кг,Материал декора,Стекло,Тип управления,Сенсорное
HU816zKIT,Масляный фильтр MANN HU816X,323,₴,https://content1.rozetka.com.ua/goods/images/big/15794024.jpg,,-,Бренд,Mann,,,Тип,Масляные фильтры двигателя,,,,,,,,,,,,
HU721xKIT,Фільтр оливи MANN Filter HU7214X BMW E46/E60/E65/E53(X5) (M57 D25/30),333,₴,https://content.rozetka.com.ua/goods/images/big/231377765.jpg,"Данные Внутренний диаметр: 31  Внутренний диаметр 1 [мм]: 31  Внешний диаметр [мм]: 64  Высота [мм]: 153ПрименяемостьBMW  3 (E46),  3 (E90),  3 Touring (E46),  3 Touring (E91),  3 Кабриолет (E46),  3 Кабриолет (E93),  3 купе (E46),  3 купе (E92),  5 (E60),  5 Touring (E61),  6 (E63),  6 Кабриолет (E64),  7 (E65, E66, E67),  X3 (E83),  X5 (E53),  X5 (E70),  X6 (E71, E72)",+,Бренд,MANN-FILTER,,,,,Гарантия,14 дней,,,,,,,,,,,Марка авто,BMW
E1956LI,Футбольный мяч Реал Мадрид синий 2021,450,₴,https://content.rozetka.com.ua/goods/images/big/228561520.jpg,Футбольный мяч Реал Мадрид (синий) 2021- Мяч для футбола- Размер 5- Предназначен для игры на искусственных покрытиях или в зале- Уровень: профессиональный- Состояние: новое,+,,,,,Тип,Мяч,,,,,,,,,,,,,Размер,№5,Вид,Футбольные,Тип игрового покрытия,"Газон, Искусственное покрытие",Шов,Машинный шов
E1235L,"Зимний двусторонний конверт-плед на выписку ""Top Hit"" Минки лавандовый с цветами (рост 56-68) (e1235)",575,₴,"https://content1.rozetka.com.ua/goods/images/big/134677019.jpg, https://content1.rozetka.com.ua/goods/images/big/134677039.jpg","Важно! Мы бережем главное, что есть у Вас - Комфорт Ваших деток. Мы производители. Изделие выполнено С Любовью, собственными руками, как для себя и своих детей. И это не просто красивые слова! Мы самостоятельно подбираем высококлассную Польскую Гипоаллергенную ткань, а это говорит о том, что Вы не будете волноваться за комфорт и здоровье Вашего ребеночка.Двухсторонний конверт-плед станет незаменимым для Вашего ребенка с первых дней жизни. Сначала он прослужит Вам конвертом на выписку в самый торжественный день. Когда малыш подрастет конвертик можно будет использовать как плед в кроватку или коляску, он защитит от холода и ветра во время ежедневных прогулок на свежем воздухе . Украшает конверт стильная резинка-бант. На одной стороне конверта есть змейке, так что синтепон при желании можно вытянуть и получится лёгкий конверт-плед. Конверт с одной стороны выполнен из Польской бязи, с другой стороны из мягкого и нежного плюша Минки, 100% хлопок. Утеплён синтепоном (съёмным). Размер 78*78 см .",-,,,,,,,,,Цвет,Лавандовый,Материал,"Бязь, Плюш, Синтепон, Хлопок",,,,,,,Рост,"56 см, 62 см, 68 см",Пол,Для девочек,Сезон,Зимний,Отверстия для 5-ти точеных ремней безопасности,Нет,Размеры,78*78 см .,Материал наполнителя,синтепон,Состав,"Конверт –плед, резинка-бант.",Дополнительные характеристики,Имеет ряд преимуществ: - съемный синтепон -красивый конверт-плед с бантиком на резинке на выписку -легкий плюшевый плед -теплый плед на синтепоне
14E4AC,Моторное масло Castrol Vecton 10w-40 E4/E7 20L (UR-V14E4E7-20L),3227,₴,https://content.rozetka.com.ua/goods/images/big/234330688.jpg,"Спецификации и допуски:  ACEA E4, E7  API CI-4  JASO DH-1  Cummins CES 20077, CES 20078 DDC  Powerguard 93K215  Deutz DQC III-10  Mack EO-N  MAN M 3277  MB-Approval 228.5  MTU Oil Category 3  RVI RLD-2  Volvo VDS 3  Meets - Ford WSS-M2C944-A",+,Бренд,Castrol,,,,,,,,,,,,,,,,,Вязкость по SAE,10W-40,"Емкость, л",20,Тип основы масла,Полусинтетическое,Допуски ОЕМ,"CES 20.077, Cummins CES 20.078, DDS 93k215, Deutz DQC III, Deutz DQC III-10, MAN M 3277, MB 228.5, Renault Trucks RLD-2, Volvo VDS-3",Тип двигателя,Бензиновый,Категория техники,Легковые,Спецификации ACEA,"E4, E7",Спецификации API,CI-4,Классификация JASO,DH-1
14DF28,"Комплект LED подсветки для телевизора KIVI 42"" LED42D10A-ZC14DFG-01, LED42D10B-ZC14DFG-01",1599,₴,"https://content2.rozetka.com.ua/goods/images/big/177704888.jpg, https://content2.rozetka.com.ua/goods/images/big/177704889.jpg","Маркировка: LED42D10A-ZC14DFG-01, LED42D10B-ZC14DFG-01• Рабочее напряжение одного светодиода: 3 В• Количество светодиодов на каждой планке: 10 шт.• Диагональ экрана: 42”• Длинна каждой планки: 825 мм• Ширина планки: 20 мм• Шаг светодиодов: 85 мм• Тип светорассеивателя: вогнутый• Диаметр светорассеивателя: 17 мм• Материал подложки: алюминийПрименяются в следующих матрицах: V420HJ2-P01 и других.Совместимость с моделями телевизоров диагональю 42”:• HAIER: LE42AL88R81A2, LE42U6500TF• KIVI: 42FX10S и другимиВозможна проклейка теплопроводящего скотча по запросуПолный комплект состоит из 5 планок:• LED42D10A-ZC14DFG-01, PN30342010203 – 4 шт• LED42D10B-ZC14DFG-01, PN30342010204 – 1 шт",+,,,,,,,Гарантия,6 месяцев,,,,,,,,,,,Подходит к,"• HAIER: LE42AL88R81A2, LE42U6500TF • KIVI: 42FX10S і іншими",Размеры,690х50х50 мм,Страна-производитель товара,Республика Корея (Южная Корея)
E1982LI,"дитяче поло - КУЛЯ - темно-синій, 3-4 (93-104 см)",800,₴,"https://content1.rozetka.com.ua/goods/images/big/173507532.jpg, https://content1.rozetka.com.ua/goods/images/big/173507533.jpg","Зручне та яскраве дитяче поло для малих мрійників. Адже саме з таких романтичних літальних апаратів, як повітряні кулі, і починаються мрії про мандри та нові незвідані світи. Дизайн поло натхнений власне дизайном повітряних куль. Тому воно має кольорові заокруглені смуги. На грудях — вишиване UA та наше лого. Спину прикрашає велика нашивка з повітряною кулею та гаслом повітроплавців — Вище нас тільки небо. А маленька нашивка з цифрою «2» унизу вказує на те, що це наша друга модель, яку ми випустили, коли починали. На комірі напис AEROSTAT 1 та координати місця, де вперше у Львові (і вперше у світі) стартувала куля з гасовим пальником 49°50’28’’N 23°50’18’’E. На правому рукаві — шеврон, яким би мав бути в сучасних повітроплавців. А на лівому — лого Галицького товариства повітроплавців, яке дотепер існує у Львові.

Інші дитячі поло можна переглянути в каталозі.",+,,,,,,,,,Цвет,Темно-синий,,,,,,,,,Рост,"104 см, 93 см"
E1320L,Комплект постельного белья Хлопковые традиции цвет Крем и Глубокий розовый Евро размер 200х220 Люкс-Сатин 100% хлопок,2999,₴,"https://content.rozetka.com.ua/goods/images/big/186544027.jpg, https://content2.rozetka.com.ua/goods/images/big/186544043.jpg","Коллекция ""Прикосновение нежности"". Цвет: SE13 (Крем и Глубокий розовый)Евро размер:Простыня: 225х240 см  Пододеяльник (на молнии): 200х220 см  Наволочки: 50х70 или 70х70 - 2шт.  Материал: Нежный Сатин Organic Satin (пр-во Турция, сертифицирован)  Состав: 100% хлопок.  Не линяет, не скатывается, не скользит, дышит.  Пододеяльник на молнии.  Бельевой шов  Люкс-Сатин Organic Satin: восхитительно мягкая ткань из 100% хлопка, ее называют хлопковый шелк. Она изготовлена из крученой хлопковой нити двойного сатинового плетения, и чем больше скручена нить, тем ярче блеск.Наш Люкс-сатин Organic Satin — это плотная ткань гладкого переплетения, создающего эффект глянца, в то же время она мягкая и не скользит. Благодаря своему составу из 100% хлопка активно поддерживает кожное дыхание, выводит лишнюю влагу, не электризуется, а так же  имеет экологичный и стойкий метод окраски, что обеспечивает долговечность и высокое качество.Спальный комплект из этого материала всегда будет радовать вас внешним видом и подарит вам полноценный здоровый сон и отдых.",+,,,,,,,,,Цвет,Кремовый,Материал,Сатин люкс,,,,,,,Спальный размер,Евро,Застежка,На молнии,Размер простыни,225х240 см,Дизайн и декор,Однотонные модели,Особенности материала,100% хлопок,Дополнительные характеристики,"Комплекты,Стандартные",Страна-производитель товара,Украина
E2927LI,Куртка Trussardi 40e2927 EU42 (36075EU42) Розовый,1080,₴,"https://content1.rozetka.com.ua/goods/images/big/103384308.jpg, https://content1.rozetka.com.ua/goods/images/big/103384334.jpg",,-,,,,,,,Гарантия,14 дней,Цвет,Розовый,,,,,,,,,Стиль,Повседневный (casual),Материал верха,Полиэстер,Размер,42,Материал наполнителя,Синтепон,Длина,Короткая,Страна-производитель товара,Марокко
158A5F,"Malhotra MFL-437 (индустриальная) 8,15/FULL R15 158A5",4212,₴,https://content1.rozetka.com.ua/goods/images/big/105118497.jpg,,-,,,,,,,,,,,,,,,,,,,Ширина шины,"8.15""",Сезонность,Всесезонные,Профиль,80,Диаметр,R15,Тип авто,Грузовой,Индекс нагрузки,158 (4250 кг),Индекс скорости,A5 (25 км/ч),Шипы,Без шипов
E1064L,Майка Disney Avengers (Мстители) 116 см Белый UE10641,325,₴,"https://content2.rozetka.com.ua/goods/images/big/247600050.jpg, https://content1.rozetka.com.ua/goods/images/big/247600059.jpg","Майка Disney Avengers (Мстители) UE10641


- Размер 104: длина изделия 40,5 см, ширина спинки 30 см.

- Размер 116: длина изделия 45 см, ширина спинки 31 см.

- Размер 128: длина изделия 49 см, ширина спинки 34.5 см.

- Размер 140: длина изделия 54 см, ширина спинки 35.5 см.",+,,,,,,,,,Цвет,Белый,,,,,,,,,Детский возраст,6 лет,Рост,116 см,Состав,100% хлопок
C21014,Глюкозамин хондроитин Original Strength Glucosamine Chondroitin 21st Century 250/200 мг 120 капсул (С21014),539,₴,"https://content.rozetka.com.ua/goods/images/big/253632265.png, https://content2.rozetka.com.ua/goods/images/big/253632277.png","незаменимые компоненты для укрепления и защиты суставов поддержка нормального уровня синовинальной жидкости (амортизатора) улучшает гибкость и подвижность суставов нормализует питание хряща GMP стандарты производства 21st Century - крупнейший американский производитель витаминов и добавок  Активный комплекс Глюкозамин и Хондроитин от 21st Century это прекрасный способ получить жизненно необходимые и незаменимые микроэлементы, способные восстановить и защитить суставные хрящи и обеспечить гибкость и подвижность самим суставам. Удобная дозировка позволяет применять комплекс один раз в день.  участвует в синтезе строительных компонентов хрящевой ткани поддерживает нормальный уровень синовиальной жидкости (суставной смазки) увеличивает гибкость и упругость сустава помогает хрящевой ткани удерживать воду и усваивать необходимые питательные вещества защищает хрящевую ткань от разрушения    Рекомендации по применению:   по 2 капсулы в день во время или после приема пищи       Supplement Facts   Serving Size: 2 Capsules   Serving Per Container: 60     Amount Per Serving % DV   Sodium 30 mg 1%   Glucosamine Sulfate •2KCl 500 mg **   Chondroitin Sulfate 400 mg **   ** Daily Value (DV) not established.",+,,,,,Тип,Хондроитин,,,,,,,,,,,,,Назначение,Для суставов и связок,Пол,"Женский, Мужской",Форма выпуска,Капсулы,Страна-производитель товара,США
H60WK06,Паливні фільтри H60WK08 (HENGST),183,₴,https://content.rozetka.com.ua/goods/images/big/224867136.jpg,"Scania, Ikarus, Neoplan  ->97",+,Бренд,Hengst,
158C8A,"Вороток Г-образный усиленный двухсторонний Forcekraft 1"" 800 мм Profi (FK-8158C800MPB)",1318,₴,"https://content2.rozetka.com.ua/goods/images/big/102691444.jpg, https://content2.rozetka.com.ua/goods/images/big/102691458.jpg","Вороток Г-образный усиленный двухсторонний 1""800 мм.(покрытие CR-MO)""Profi",+,,,Страна производитель,Китай,Тип,Ключи,,,,,,,,,,,,
E1297L,"Зимний комплект на выписку Top Hit ""Минки звёзды"" голубой (рост 56-68) (e1297)",1340,₴,"https://content1.rozetka.com.ua/goods/images/big/26148528.jpg, https://content2.rozetka.com.ua/goods/images/big/26148548.jpg","Важно! Мы бережем главное, что есть у Вас - Комфорт Ваших деток. Мы производители. Изделие выполнено С Любовью, собственными руками, как для себя и своих детей. И это не просто красивые слова! Мы самостоятельно подбираем высококлассную Польскую Гипоаллергенную ткань, а это говорит о том, что Вы не будете волноваться за комфорт и здоровье Вашего ребеночка.Нежный конверт-плед станет незаменимым для Вашего ребенка с первых дней жизни. Украшает конверт стильная резинка-бант. Сам бантик двусторонний (плюш и хлопок), так что его можно менять под настроение. На одной стороне конверта есть змейке, так что синтепон при желании можно вытянуть. Конверт выполнен из нежного плюша Минки и 100% польского хлопка. Теплый комбинезончик для младенцев выполнен из плюшевой ткани Minky, которая ну очень мягонькая, внутри тёплая и нежная махра велсофт. Данная модель разрабатывалась для удобства одевания, ведь малыша так страшно тревожить, а с помощью двух молний вы очень быстро оденете маленького карапузика. Так же в комплекте с комбинезоном идёт шапочка под цвет на махре и на завязках. Рукава сделаны с отворотами, чтобы маленькие ручки не мёрзли. Но так же их можно и отвернуть чтобы ручки были свободны.",-,,,,,,,,,Цвет,"Белый, Голубой, Синий",Материал,"Махра, Плюш, Синтепон, Хлопок",,,,,,,Рост,"56 см, 68 см",Пол,Для мальчиков,Сезон,"Весенний, Демисезонный, Осенний",Отверстия для 5-ти точеных ремней безопасности,Нет,Размеры,Конверт: 78х78 см,Материал наполнителя,синтепон,Особенности материала,Organic,Состав,"Конверт –плед, резинка-бант. Комбинезон, шапочка.",Дополнительные характеристики,"Теплый конверт-одеяло на змейке со съёмным синтепоном. Имеет красивый, стильный и нарядный вид.",Страна-производитель товара,Украина
15D8BA,Трусы-боксеры DIM D08EX M 2 шт Черные (15d86f9e),1192,₴,"https://content.rozetka.com.ua/goods/images/big/240128213.jpg, https://content.rozetka.com.ua/goods/images/big/240128224.jpg",Трусы-боксеры выполненные из хлопка с контрастным поясом с логотипом. Передняя панель дублирована и по краям оснащена вставками из дыщащей сетки; также такая сетка на внутренней стороне бедра.,+,,,,,,,,,Цвет,Черный,Материал,"Хлопок, Эластан",,,,,,,Модель,Боксеры,Размер,M,Состав,"96% хлопок, 4% эластан",Принт,Однотонный,Посадка,Средняя
E3900LI,Метеостанция Gogen Stacja Meteo Gogme3900,6820,₴,https://content.rozetka.com.ua/goods/images/big/220696008.jpg,Метеостанция Gogen Stacja Meteo Gogme3900,-,,,Страна производитель,Польша,,,,,,,,,,,,,,,Способ установки,Настольный,Дополнительно,Будильник,Внешние датчики,Датчик температуры
158A5D,"Malhotra MFL-437 (индустриальная) 8,15/FULL R15 158A5",4212,₴,https://content1.rozetka.com.ua/goods/images/big/105118497.jpg,,-,,,,,,,,,,,,,,,,,,,Ширина шины,"8.15""",Сезонность,Всесезонные,Профиль,80,Диаметр,R15,Тип авто,Грузовой,Индекс нагрузки,158 (4250 кг),Индекс скорости,A5 (25 км/ч),Шипы,Без шипов
E933LI,Бокал Luminarc World Spirit Experience 90 мл Прозрачный E9333,104,₴,https://content2.rozetka.com.ua/goods/images/big/7201000.jpg,"Изделия Luminarc изготовлены из экологически чистого материала - термостойкой ударопрочного стекла, можно использовать в микроволновке, мыть в посудомоечной машине. Благодаря интересным оттенкам любой прохладительный напиток из этих стаканов станет еще вкуснее и более освежающим. Все характеристики питьевого стекла Luminarc соответствуют мировым стандартам качества и безопасности.",+,,,,,Тип,Бокалы,,,Цвет,Прозрачный,Материал,Стекло,,,,,,,"Объем, мл",90,Назначение,Граппа
E3921LI,Фигурка Тор 30 см Герой Marvel Мстители Финал Hasbro E3921,609,₴,"https://content1.rozetka.com.ua/goods/images/big/22235151.jpg, https://content.rozetka.com.ua/goods/images/big/22235169.jpg","Фигурка Герой Марвел Тор 30 см ""Мстители: финал"" - Hasbro Америка.Представьте себе могучего Бога Асгарда, защищающего союзников, с помощью фигуры Тора из серии Титановых героев! Когда дети подключают пусковую установку Titan Hero Power FX (не входит в комплект; продается отдельно с фигурками Titan Hero Power FX) к порту на руке фигуры, они могут активировать звуки и фразы, характерные для персонажа, и запускать снаряды!Комплектация и характеристики Marvel Avengers: Endgame Titan Hero Series ThorФигурка Тора 30 смПодключите пусковую установку Titan Hero Power FX (не входит в комплект)  чтобы активировать звуки и фразы.Соберите коллекцию фигур и снаряжения Marvel Avenger, чтобы иметь команду Мстителей! все фигурки продаются по отдельности.Возраст 4 года и старшеКак определить оригинал или нет?На коробке должен быть выдавлен или нанесен лазерным штрихом номерной знак из 5 цифр, например 90631. А так же артикул, например Е0572.Точно такой (идентичный) номерной знак должен быть на стопе героя 90631 и артикул Е0572А на второй стопе будет написано Hasbro и год первого выпуска.",+,,,,,,,,,,,,,,,,,,,Страна-производитель товара,США
E2953LI,Золотые серьги с бриллиантами и топазами КАМЕЯ 21500812.213.E29535R,40395,₴,https://content2.rozetka.com.ua/goods/images/big/189058203.jpg,Золотые серьги с бриллиантами и топазами 585 пробы для женщины.,-,,,,,,,Гарантия,14 дней,,,,,,,,,,,Цвет металла,Белый,Металл,Золото 585°,Вставка/камень,Бриллиант,Категория,Для женщин,Тип застежки,Английская,Цвет вставки,Голубой,"Вес, г",3.65,Страна-производитель товара,Украина
E328L,Аккумулятор Nokia 8 Dual Sim HE328,282,₴,"https://content1.rozetka.com.ua/goods/images/big/187419373.jpg, https://content.rozetka.com.ua/goods/images/big/187419383.jpg","Выбор аккумулятораМногие пользователи смартфонов, которые столкнулись с проблемами АКБ зачастую желают купить оригинальную аккумуляторную батарейку для телефонов, которые активно эксплуатируются. В данном случае стоит обратить внимание на то, что в 99% случаев оригинальных аккумуляторов не существует, так как производители мобильной техники самостоятельно батарейки не производят. Их закупка осуществляется в профильных компаниях. При этом поставщики могут ежегодно меняться и точно определить оригинальный продукт достаточно затруднительно. При этом батарейки для телефонов можно разделить на 3 категории:АКБ, поставляемые производителями в профильные сервисные центры;Аккумуляторы для мобильных телефонов, производимые специализированными брендами;Аккумуляторные батарейки, которые подходят для Вашего телефона.Прежде чем купить батарейку для телефона, стоит обратить внимание на модель вашего устройства. Для этого воспользуйтесь официальной документацией от девайса или изучите информацию в сервисном меню в настройках.Далее выберите подходящие модели в нашем каталоге. При возникновении сложностей свяжитесь с операторами нашего магазина. Мы проконсультируем Вас как по подходящим вариантам, так и по престижности производителей.",+,,,,,,,Гарантия,3 месяца,Цвет,Серый,,,,,,,,,Класс качества,Original (PRC),"Емкость, мА*ч",3030,Технология,Li-Pol,Дополнительные характеристики,Nokia,Страна-производитель товара,Китай
E1900L,Кейс для хранения слайм MGA Entertainment Poopsie Fart Jacobs 2-in-1 Play & Display Case Пупси слайм (PPE19000),1399,₴,"https://content2.rozetka.com.ua/goods/images/big/193120539.jpg, https://content.rozetka.com.ua/goods/images/big/193120554.jpg","Это, кстати, не просто кейс для хранения, это 2-в-1. Poopsie Fart Jacobs - это еще и игровой набор! Вы сможете создавать различные виды слизи. В наборе вы найдете 12 упаковок и подробные инструкции. А еще здесь есть 1 эксклюзивный Cutie Tootie - он поставляется только в этом наборе.Один кейс может вместить более 25 различных игрушек Poopsie и множество слайм. Кроме того, в комплекте будет один эксклюзивный Cutie Tootie (милый кролик-единорог-русалка с пушистыми ресницами!) И несколько различных видов слизи.Слайм можно составить в прозрачные контейнеры снизу внутри кейса: это две детали по 6 соединенных контейнеров, все отсеки с индивидуальными крышками, что очень удобно.Но любимый слайм можно хранить и на крышке кейса, в легком доступе!Все очень просто: откройте круглую дверцу на передней панели кейса, вытяните цветную картонку и положите слайм туда.Производитель: MGA / Poopsie.Возраст: 3+.Размер: 13,3 x 31,8 x 40,6 см.",+,,,,,,,,,,,,,,,,,,,Возраст,"10 лет, 11 лет, 12 лет, 6 лет, 7 лет, 8 лет, 9 лет"
E1204L,"Двусторонний конверт-плед на выписку Top Hit ""Дуэт"" совы фиолетовые (рост 56-68) (e1204)",640,₴,"https://content1.rozetka.com.ua/goods/images/big/26149469.jpg, https://content1.rozetka.com.ua/goods/images/big/26149473.jpg","Важно! Мы бережем главное, что есть у Вас - Комфорт Ваших деток. Мы производители. Изделие выполнено С Любовью, собственными руками, как для себя и своих детей. И это не просто красивые слова! Мы самостоятельно подбираем высококлассную Польскую Гипоаллергенную ткань, а это говорит о том, что Вы не будете волноваться за комфорт и здоровье Вашего ребеночка.Сезон весна-осень. Двухсторонний конверт-плед станет незаменимым для Вашего ребенка с первых дней жизни. Сначала он прослужит Вам конвертом на выписку в самый торжественный день. Когда малыш подрастет конвертик можно будет использовать как плед в кроватку или коляску, он защитит от холода и ветра во время ежедневных прогулок на свежем воздухе . Украшает конверт стильная резинка-бант. На одной стороне конверта есть змейке, так что синтепон при желании можно вытянуть. Конверт выполнен полностью из бязи, 100% хлопок. Внутри 200 синтепон, благодаря которому он хорошо держит форму. Размер 90*90 см .",+,,,,,,,,,Цвет,Нежно-фиолетовый,Материал,"Бязь, Синтепон, Хлопок",,,,,,,Рост,"56 см, 62 см, 68 см",Пол,Для девочек,Сезон,"Весенний, Демисезонный, Осенний",Отверстия для 5-ти точеных ремней безопасности,Нет,Размеры,90*90 см,Материал наполнителя,синтепон,Состав,"конверт-плед, резинка-бант",Дополнительные характеристики,"Состав и плотность вещей влияют на общее состояние ребенка, поэтому необходимо выбирать экологически чистые, удобные и функциональные изделия."
E2983LI,Серебряные пуссеты с фианитами TE2983,387,₴,"https://content.rozetka.com.ua/goods/images/big/91076131.jpg, https://content.rozetka.com.ua/goods/images/big/91076139.jpg",Пуссеты из серебра 925 пробы с фианитами  Вес: 2.19  Вставка:фианит  Кому:женщине  Металл:серебро  Проба:925  Технология:родирование  Форма вставки:круг  Цвет вставки:белый  Цвет металла:белое серебро,-,,,,,,,,,,,,,,,,,,,"Вес, г",2.19
H18WDK04,Паливні фільтри H18WDK02 (HENGST),477,₴,https://content.rozetka.com.ua/goods/images/big/224867109.jpg,KC197  RVI Trucks  01-,-,Бренд,Hengst,
H17WK06,Паливні фільтри H17WK11 (HENGST),506,₴,https://content.rozetka.com.ua/goods/images/big/224870439.jpg,"KC184  Scania G, P, R, T - Series 03/04 -",+,Бренд,Hengst,
E1900LS,Кейс для хранения слайм MGA Entertainment Poopsie Fart Jacobs 2-in-1 Play & Display Case Пупси слайм (PPE19000),1399,₴,"https://content2.rozetka.com.ua/goods/images/big/193120539.jpg, https://content.rozetka.com.ua/goods/images/big/193120554.jpg","Это, кстати, не просто кейс для хранения, это 2-в-1. Poopsie Fart Jacobs - это еще и игровой набор! Вы сможете создавать различные виды слизи. В наборе вы найдете 12 упаковок и подробные инструкции. А еще здесь есть 1 эксклюзивный Cutie Tootie - он поставляется только в этом наборе.Один кейс может вместить более 25 различных игрушек Poopsie и множество слайм. Кроме того, в комплекте будет один эксклюзивный Cutie Tootie (милый кролик-единорог-русалка с пушистыми ресницами!) И несколько различных видов слизи.Слайм можно составить в прозрачные контейнеры снизу внутри кейса: это две детали по 6 соединенных контейнеров, все отсеки с индивидуальными крышками, что очень удобно.Но любимый слайм можно хранить и на крышке кейса, в легком доступе!Все очень просто: откройте круглую дверцу на передней панели кейса, вытяните цветную картонку и положите слайм туда.Производитель: MGA / Poopsie.Возраст: 3+.Размер: 13,3 x 31,8 x 40,6 см.",+,,,,,,,,,,,,,,,,,,,Возраст,"10 лет, 11 лет, 12 лет, 6 лет, 7 лет, 8 лет, 9 лет"
E1926LC,Паливні фільтри E1926LI (HENGST),166,₴,https://content2.rozetka.com.ua/goods/images/big/224857968.jpg,"LA158,  MAZDA 6 I (GG) 02 -08",+,,,
E1333L,Обои CE1333 Grandeco Aurora горизонт бежевый 0.53 х 10.05 м,275,₴,"https://content1.rozetka.com.ua/goods/images/big/22536867.jpg, https://content.rozetka.com.ua/goods/images/big/22536893.jpg","Фоновые однотонные обои Grandeco Aurora CE1333 с размытыми горизонтальными линиями. Высокое качество обоев позволяет мыть их с щеткой, они устойчивы к механическим повреждениям, не выгорают от солнечных лучей. Основа обоев - флизелин, материал покрытия - компакт-винил. Ширина рулона - 53 см.",+,,,,,,,,,Цвет,Бежевый,,,,,,,,,Назначение,В гостиную,Вид покрытия,Компакт-винил,Ширина рулона,53 см,Длина рулона,10.05 м,Фактура,Рельефная,Коллекция,Aurora,Основа,Флизелин,Рисунок,Однотонные,Свойства,Антивандальные,Положение рисунка,С подгоном,Страна-производитель товара,Бельгия
HU612x,Масляный фильтр MANN HU612/2X,182,₴,"https://content2.rozetka.com.ua/goods/images/big/246759123.jpg, https://content.rozetka.com.ua/goods/images/big/246759128.jpg","Оригинальный масляный фильтр MANN HU612/2X от официального дистрибьютора в Украине - абсолютная гарантия качества и подлинности товара.  MANN HU612/2X соответствует таким оригинальным масляным фильтрам и аналогам:  AMC Filter - DO-708 / DO708 BOSCH - F 026 407 006 / F026407006 BOSCH - P 7006 / P7006 CHAMPION - XE559 / XE559 CHAMPION - XE559/606 / XE559606 FEBI BILSTEIN - 37257 / 37257 FIAT - 71744410 / 71744410 FILTRON - OE648/6 / OE6486 FILTRON - WL7422 / WL7422 GENERAL MOTORS - 55 594 651 / 55594651 GENERAL MOTORS - 93 185 674 / 93185674 HENGST FILTER - E611HD256 / E611HD256 HERTH+BUSS JAKOPARTS - J1310906 / J1310906 JAPANPARTS - FO-ECO073 / FOECO073 KOLBENSCHMIDT - 4118-OX / 4118OX KOLBENSCHMIDT - 50014118 / 50014118 MAGNETI MARELLI - 152071761692 / 152071761692 MAGNETI MARELLI - 71761692 / 71761692 MANN-FILTER - HU 612/2 X / HU6122X MEAT & DORIA - 14107 / 14107 MECAFILTER - ELH4368 / ELH4368 MEYLE - 614 322 0010 / 6143220010 OPEL - 55 353 324 / 55353324 OPEL - 56 50 359 / 5650359 OPEL - 650172 / 650172 PURFLUX - L387 / L387 UFI - 25.064.00 / 2506400 VAICO - V40-0610 / V400610 VALEO - 586531 / 586531 WIX - WL 7422 / WL7422  Масляный фильтр MANN HU612/2X подходит на следующие автомобили:  ALFA ROMEO 159 / 159 Sportwagon 1.8 MPI DAEWOO/CHEVROLET (GM) Aveo 1.4 16V DAEWOO/CHEVROLET (GM) Trax 1.6 05.2013-- DAEWOO/CHEVROLET (GM) Trax 1.8 05.2013-- FIAT Croma II (194) 1.8 16V 10.2005-- OPEL Adam 1.2 16V 12.2012-- OPEL Adam 1.4 16V 12.2012-- OPEL Adam 1.4 16V 12.2012-- OPEL Agila 1.0 12V 09.2003-- OPEL Agila 1.2 i 16V 07.2004-- OPEL Astra G / Astra G Cabrio/Coupe 1.4 16V 90 OPEL Astra G / Astra G Кабриолет/Купе 1.2 16V OPEL Astra G / Astra G Кабриолет/Купе 1.2 16V OPEL Astra H / Astra H GTC/TwinTop 1.4 16V 90 OPEL Astra H / Astra H GTC/TwinTop 1.4 16V 75 OPEL Astra H / Astra H GTC/TwinTop 1.6 Turbo OPEL Astra H / Astra H GTC/TwinTop 1.6 16V OPEL Astra H / Astra H GTC/TwinTop 1.2 OPEL Astra H / Astra H GTC/TwinTop 1.8 16V 140 OPEL Astra J / Astra J GTC 1.4 16V OPEL Astra J / Astra J GTC 1.6 16V OPEL Corsa D 1.4 16V 09.2006-- OPEL Corsa D 1.6 Turbo OPEL Corsa D 1.2 06.2010-- OPEL Corsa D 1.2 06.2010-- OPEL Corsa D 1.4 09.2009-- OPEL Corsa D 1.4 06.2010-- OPEL Corsa D 1.0 01.2010-- OPEL Corsa D 1.6 16V Turbo 06.2011-- OPEL Corsa D 1.2 LPG 06.2011-- OPEL Corsa D 1.4 16V Turbo 07.2012-- OPEL Corsa D 1.6 16V Turbo 03.2007-- OPEL Corsa-C 1.0 12V 07.2003-11.2006 OPEL Corsa-C 1.4 16V 07.2003-11.2006 OPEL Corsa-C 1.2 16V 07.2004-11.2006 OPEL Corsa-C 1.0 12V 09.2000-11.2006 OPEL Corsa-C 1.2 16V 09.2000-08.2004 OPEL Insignia 1.6 11.2008-- OPEL Insignia 1.8 11.2008-- OPEL Insignia 1.6 Turbo 11.2008-- OPEL Insignia 1.4 Turbo ecoFLEX OPEL Meriva A 1.4 16V 07.2004-- OPEL Meriva A 1.6 16V Turbo OPEL Meriva B 1.4 06.2010-- OPEL Meriva B 1.4 06.2010-- OPEL Meriva B 1.4 06.2010-- OPEL Meriva B 1.4 LPG OPEL Mokka 1.4 Turbo 09.2012-- OPEL Mokka 1.6 OPEL Signum 1.8 16V 10.2005-- OPEL Tigra Твин Топ 1.4 16V OPEL Vectra-C 1.8 16V 02.2006-- OPEL Zafira B 1.6 01.2008-- OPEL Zafira B 1.6 CNG Turbo OPEL Zafira B 1.8 07.2005-- OPEL Zafira Tourer / Zafira C 1.4 Turbo 140 OPEL Zafira Tourer / Zafira C 1.4 Turbo OPEL Zafira Tourer / Zafira C 1.8 OPEL Zafira Tourer / Zafira C 1.8 OPEL Zafira Tourer / Zafira C 1.6 CNG SAAB 9-5 II 1.6 T 05.2010-- SUZUKI Wagon R 1.2 16V 07.2004--  Для корректного подбора масляного фильтра - обратитесь, пожалуйста, к нашим менеджерам. Они БЕСПЛАТНО подберут полный комплект расходных материалов для Вашего автомобиля.",+,Бренд,Mann,,,Тип,Масляные фильтры двигателя,,,,,,,,,,,,
LKX71,Сумка жіноча LX7157 Чорний (2000904807741),649,₴,"https://content.rozetka.com.ua/goods/images/big/254273178.jpg, https://content2.rozetka.com.ua/goods/images/big/254273186.jpg",Сумка жіноча маленька еко-шкіра.,+,,,
C22020,Воздушный фильтр MANN C22016,462,₴,https://content.rozetka.com.ua/goods/images/big/15794130.jpg,,-,Бренд,Mann,
