Название,Артикул
C26003     (MANN),C26003
HU932/7x     (MANN),HU932/7x
C30171     (MANN),C30171
K2 EXPRESS PLUS 5L Шампунь з воском (жовтий),EK145
C36016     (MANN),C36016
C43102     (MANN),C43102
C331460/1     (MANN),C331460/1
CU15001     (MANN),CU15001
C17023     (MANN),C17023
C21104/2     (MANN),C21104/2
C39002     (MANN),C39002
C36145     (MANN),C36145
C32014     (MANN),C32014
EVO SYSTEM CLEAN UP DIESEL - 300ml (x12),S_CL_UP_DIESEL_300ml
C37009     (MANN),C37009
CUK26010     (MANN),CUK26010
Засіб для чистки скла Falcon GLASS CLEAN 750ml,233
Засіб для чистки коліс Falcon WHEEL CLEAN 750ml,231
CU24009     (MANN),CU24009
CU2331     (MANN),CU2331
HU10002z     (MANN),HU10002z
C26022     (MANN),C26022
C27047     (MANN),C27047
C271320/3     (MANN),C271320/3
C27045     (MANN),C27045
FORTIS 2T 1L x 12,0131903
C24137/1     (MANN),C24137/1
HU7018z     (MANN),HU7018z
HU926/3x     (MANN),HU926/3x
HU12140x     (MANN),HU12140x
C25019     (MANN),C25019
C27019     (MANN),C27019
C28035     (MANN),C28035
ZR905z     (MANN),ZR905z
50 Аh/12V 6ст Energia (EN 400),
52 Аh/12V EURO Green Power Max (EN 480),
78 Аh/12V EURO Green Power Max (EN 780),
HU1297x     (MANN),HU1297x
60 Аh/12V 6ст Energia (EN 510),
WK940/33x     (MANN),WK940/33x
C28004     (MANN),C28004
Атаs Decabit 250г очисник від смоли (24 шт упак),
C29019     (MANN),C29019
Атаs plak 750г полироль лимон (24 шт. упак) Є,
"Атаs шампунь безконтактна DLS-125 1,8л/2кг",
C25654     (MANN),C25654
Атаs Netins засіб для видалення залишків комах 250мл (35шт. упак) Є,
C29036     (MANN),C29036
Атаs шампунь безконтактна DLS-125 10л,
Атаs шампунь безконтактна DLS-125 25л,
HU718/6x     (MANN),HU718/6x
Атаs plak 750г полироль виноград (24 шт. упак) Є,
HU6018z     (MANN),HU6018z
HU7001x     (MANN),HU7001x
C28010     (MANN),C28010
"AlmaSept Антисептичний засіб з алое вера, 250 мл. (24 шт./упак)",535990
"AlmaSept Антисептичний засіб з алое вера, 500 мл. (24 шт./упак)",536080
HU926/5y     (MANN),HU926/5y
"AlmaSept Антисептичний засіб з алое вера, 1000 мл. (9 шт./упак)",536100
"AlmaSept Антисептичний засіб з алое вера, 75 мл. (12 шт./упак)",535980
"AlmaSept Антисептичний засіб з алое вера, 5000 мл. (4 шт./упак.)",536110
C301240     (MANN),C301240
HU7025z     (MANN),HU7025z
WK10006z     (MANN),WK10006z
E827H D270     (HENGST),E827H D270
C26042     (MANN),C26042
C27010     (MANN),C27010
C28160/1     (MANN),C28160/1
WK8021     (MANN),WK8021
E0530K02     (HENGST),E0530K02
WK8022x     (MANN),WK8022x
LX1243     (KNECHT),LX1243
C26120     (MANN),C26120
LX2637     (KNECHT),LX2637
WK939/3     (MANN) Фільтр палива,WK939/3
C27013     (MANN),C27013
FP24009     (MANN),FP24009
KL514     (KNECHT),KL514
MW64     (MANN),MW64
"CAR-OIL «ТАД-17И» GL-5 SAE 80W-90 (ПЕТ) 3,8л",
PU12003z     (MANN),PU12003z
"CAR-OIL 10W40 T,D API CI-4/CF/SL 0,9л",
KX338/28D     (KNECHT),KX338/28D
"CAR-OIL 10W40 T,D API CI-4/CF/SL 5л",
PU8007     (MANN),PU8007
"CAR-OIL «ЛИТОЛ-24» 0,5кг",
CAR-OIL «ЛИТОЛ-24» 1кг,
CAR-OIL «СОЛИДОЛ G-2» 1кг,
"CAR-OIL 15W40  API SJ/CF 0,9л",
CUK27009     (MANN),CUK27009
CAR-OIL SAE 80W-85 GL-4 4л,
"CAR-OIL SAE 80W-85 GL-4 0,9л",
C27030     (MANN),C27030
CAR-OIL МГЕ-46В API SF/CC 9л,
"CAR-OIL «СОЛИДОЛ G-2» 0,5кг",
C271250/1     (MANN),C271250/1
CAR-OIL МГЕ-46В API SF/CC 20л,
"CAR-OIL 10W40 API SL/CF 0,9л",
"CAR-OIL «ТАД-17И» GL-5 SAE 80W-90 (ПЕТ) 0,9л",
"CAR-OIL 10W40 API SL/CF (ПЕТ) 0,9л",
"CAR-OIL 10W40 API SL/CF (ПЕТ) 3,8л",
KL912     (KNECHT),KL912
CAR-OIL 10W40 API SL/CF 4л,
PU941x     (MANN),PU941x
CAR-OIL МГЕ-46В API SF/CC 5л,
"CAR-OIL 10W40 T,D API CI-4/CF/SL 4л",
PU9009zKIT     (MANN),PU9009zKIT
Акриловий лак Carbon Profi 9000 2+1 HS 1л,9001
"Розчинник для акрилових виробів Стандард Carbon Profi 1000 0,5л",3900
"Розчинник для акрилових виробів Швидкий Carbon Profi 1000 0,5л",3903
WP1169     (MANN),WP1169
"Акриловий лак Carbon Profi 9000 2+1 MS 0,5л",9005
WK939/13     (MANN) Фільтр палива,WK939/13
Акриловий лак Carbon Profi 9000 2+1 MS 1л,9004
PU8013z     (MANN),PU8013z
H14WD01     (HENGST),H14WD01
WK8019     (MANN),WK8019
Hyspin HVI 46 208L,15A7D1
WK820/20     (MANN) Фільтр палива,WK820/20
CUK22011     (MANN),CUK22011
C22033     (MANN),C22033
CU22007     (MANN),CU22007
C16012     (MANN),C16012
E11S04 D132     (HENGST),E11S04 D132
C38002     (MANN),C38002
CASTROL Radicool SF 3L (x4),15A3F5
C36007KIT     (MANN),C36007KIT
C31014     (MANN),C31014
Hyspin HVI 46 20L,15A7D0
CUK22021     (MANN),CUK22021
OX46     (KNECHT),OX46
E134H D31     (HENGST),E134H D31
E2947LC     (HENGST),E2947LC
Transmax Manual EP 80W-90 1L (x12),15D95D
Transmax ATF DEXRON®-VI MERCON® LV Multivehicle 20L,15D738
Transmax Limited Slip Z 85W-90 1L (x12),15D987
Transmax Limited Slip LL 75W-140 1L (x12),15D99E
H30WF     (HENGST),H30WF
Transmax Manual Multivehicle 75W-90 1L (x12),15D812
EDGE Formula RS 10W60 1L(x12),56417
"EDGE FST 5W-30 LongLife 3, 1L D(x12) G",58679
5W-40 TXT SOFTEC 1Lx12,D
LX3539     (KNECHT),LX3539
CCF0427     (Champion),CCF0427
E102U D179     (HENGST),E102U D179
COF101103S     (Champion),COF101103S
COF102110S     (Champion),COF102110S
CAF100590P     (Champion),CAF100590P
E197H D31     (HENGST),E197H D31
CAF100605P     (Champion),CAF100605P
COF102119S     (Champion),COF102119S
E498L01     (HENGST),E498L01
CFF100453     (Champion),CFF100453
CCF0061     (Champion),CCF0061
COF100511E     (Champion),COF100511E
COF100606E     (Champion),COF100606E
E69L     (HENGST),E69L
CAF100612P     (Champion),CAF100612P
E423KP D206     (HENGST),E423KP D206
COF100115S     (Champion),COF100115S
CAF100928P     (Champion),CAF100928P
CAF100226R     (Champion),CAF100226R
KC487     (KNECHT),KC487
CFF100567     (Champion),CFF100567
OC1291     (KNECHT),OC1291
COF100119S     (Champion),COF100119S
CCF0142     (Champion),CCF0142
CAF100938P     (Champion),CAF100938P
CAF100626P     (Champion),CAF100626P
E0530K01     (HENGST),E0530K01
CAF100110R     (Champion),CAF100110R
CAF100724P     (Champion),CAF100724P
CFF101563     (Champion),CFF101563
CCF0005     (Champion),CCF0005
CFF100588     (Champion),CFF100588
OC131     (KNECHT),OC131
CAF100533P     (Champion),CAF100533P
E956LI01     (HENGST),E956LI01
CAF100554P     (Champion),CAF100554P
COF100571E     (Champion),COF100571E
"Емаль LIDER універсальна 3011 вишневий, аер. 400 мл",
E6KS     (HENGST),E6KS
"Емаль LIDER універсальна 5002 синій, аер. 400 мл",
"Емаль LIDER універсальна 5015 блакитний, аер. 400 мл",
CFF100111     (Champion),CFF100111
"Емаль LIDER універсальна 7046 сірий, аер. 400 мл",
"Емаль LIDER універсальна 9003 Снежно-білий, аер. 400 мл",
"Лак LIDER універсальний  безбарв. глянс., аер. 400 мл",
COF100559E     (Champion),COF100559E
"Лак LIDER універсальний  безбарв. матовий, аер. 400 мл",
"Емаль LIDER універсальна 6029 зелений, аер. 400 мл",
"Емаль грунт. LIDER  універсальн. сірий, аер. 400 мл",
CAF100929P     (Champion),CAF100929P
"Емаль LIDER універсальна 2004 Помаранчева, аер. 400 мл",
"Емаль LIDER універсальна 3002 Темно-червона, аер. 400 мл",
COF102103S     (Champion),COF102103S
"Емаль LIDER універсальна 5010 Світло синя, аер. 400 мл",
"Емаль LIDER універсальна     Золотиста, аер. 400 мл",
CFF100146     (Champion),CFF100146
"Емаль LIDER універсальна 7035 світло-сірий, аер. 400 мл",
"Емаль LIDER універсальна 9005 чорний мат, аер. 400 мл",
CFF101566     (Champion),CFF101566
"Емаль LIDER універсальна 9006 сріблястий, аер. 400 мл",
"Емаль LIDER жаростійка  Біла., аер. 400 мл",
CFF100105     (Champion),CFF100105
"Емаль LIDER універсальна 1001 бежевий, аер. 400 мл",
"Емаль LIDER універсальна 9005 чорний гл., аер. 400 мл",
"Емаль грунт. LIDER  універсальн. червоний, аер. 400 мл",
E630L01     (HENGST),E630L01
"Емаль LIDER універсальна 5022 темно-синій, аер. 400 мл",
"Емаль LIDER універсальна 9010 білий мат, аер. 400 мл",
E89KP D163     (HENGST),E89KP D163
"Емаль LIDER універсальна 6005 Темно-зелена, аер. 400 мл",
"Емаль LIDER універсальна 8011 коричневий, аер. 400 мл",
CFF100569     (Champion),CFF100569
"Емаль LIDER універсальна 9010 білий гл., аер. 400 мл",
"Емаль LIDER універсальна 1015 Слоновая кость, аер. 400 мл",
CCF0058     (Champion),CCF0058
"Емаль LIDER для кераміки Біла., аер. 400 мл",
"Емаль LIDER Хром Золотиста, аер. 400 мл",
"Емаль LIDER Хром Срібляста, аер. 400 мл",
CCF0179C     (Champion),CCF0179C
"Емаль LIDER універсальна 6018 Салатна, аер. 400 мл",
Емаль грунт. LIDER  універсальн. Білий аер. 400 мл,
"Емаль LIDER універсальна 7024 Темно-сіра, аер. 400 мл",
CCF0208     (Champion),CCF0208
"Емаль LIDER жаростійка  Чорна., аер. 400 мл",
"Емаль LIDER універсальна 3020 червоний, аер. 400 мл",
CCF0422C     (Champion),CCF0422C
"Емаль LIDER універсальна 1023 жовтий, аер. 400 мл",
CCF0310     (Champion),CCF0310
"Емаль LIDER універсальна 3005 темно-вишневый, аер. 400 мл",
"Емаль LIDER універсальна 8017 Темно-коричнева, аер. 400 мл",
"Емаль LIDER жаростійка  Срібляста., аер. 400 мл",
"Автоконсервант ""МОВІЛЬ"" LIDER, аер. 750 мл",
"NM-40 Силіконове мастило в аероз.пакуванні, 100 мл",
"Емаль LIDER жаростійка  Червона., аер. 400 мл",
Емаль грунт. LIDER  3 в 1 Цинкова аер. 400 мл,
CHAMPION HYDRO HV ISO 46 205L,8201370
CHAMPION ECO FLOW 75W FE 1L(х12),8205002
E2920LI-2     (HENGST),E2920LI-2
CHAMPION NEW ENERGY 10W40 ULTRA 20L,8207129
E3988LI     (HENGST),E3988LI
CHAMPION ECO FLOW CVT FLUID 1L(х12),8206207
CHAMPION HYDRO HV ISO 46 20L,8201172
E631L01     (HENGST),E631L01
CHAMPION NEW ENERGY 5W30 D1 5L(х4),8235603
CHAMPION ACTIVE DEFENCE 80W GL 4 20L,8200649
LX481     (MAHLE),LX481
CHAMPION HYDRO ISO 46 205L,8209857
CHAMPION NEW ENERGY 10W40 205L,8206399
KL119     (MAHLE),KL119
CHAMPION ACTIVE DEFENCE 80W GL 4 1L(х12),8203503
OX84     (MAHLE),OX84
CHAMPION BRAKE FLUID DOT 5.1 500ML(х12),8208409
CHAMPION ECO FLOW MULTI VEHICLE ATF FE 20L,8223518
E2978LC-2     (HENGST),E2978LC-2
CHAMPION NEW ENERGY 10W40 ULTRA 205L,8207327
CHAMPION NEW ENERGY 10W40 20L,8206191
CHAMPION NEW ENERGY 10W40 5L(х4),8201219
CHAMPION NEW ENERGY 15W40 5L(х4),8201417
CHAMPION OEM SPECIFIC 10W40 UHPD S 20L,8232121
CHAMPION ACTIVE DEFENCE 80W90 GL 4 20L,8202148
"CHAMPION LITHIUM CALCIUM EP 2 GREEN 0,4 KG(х24)",8223396
E214H D300     (HENGST),E214H D300
LA129/1     (MAHLE),LA129/1
CHAMPION HYDRO HVLPD ISO 46 205L,8224997
E422KP04 D322     (HENGST),E422KP04 D322
CHAMPION NEW ENERGY 5W30 D1 1L(х12),8235405
CHAMPION ACTIVE DEFENCE 15W40 SHPD 20L,8207624
LX464     (MAHLE),LX464
CHAMPION HYDRO ISO 46 20L,8209659
CHAMPION HYDRO ISO 15 20L,8208157
E213H D300     (HENGST),E213H D300
OC277     (MAHLE),OC277
CHAMPION NEW ENERGY 5W30 D1 4L(х4),8235504
CHAMPION OEM SPECIFIC 10W40 ULTRA MS 205L,8217333
LX883     (MAHLE),LX883
CHAMPION ECO FLOW MULTI VEHICLE ATF FE 1L(х12),8222610
CHAMPION LIFE EXTENSION ATF DII 1L(х12),8205309
LX635     (MAHLE),LX635
EAS500M D38     (HENGST),EAS500M D38
CHAMPION OEM SPECIFIC 75W80 ZF 1L(х12),8217869
LX626     (MAHLE),LX626
OX158D     (MAHLE),OX158D
CHAMPION OEM SPECIFIC 10W40 ULTRA MS 20L,8217135
LX596     (MAHLE),LX596
CHAMPION OEM SPECIFIC 75W80 ZF 20L,8219061
LAK448     (MAHLE),LAK448
LX797     (MAHLE),LX797
CHAMPION NEW ENERGY 15W40 205L,8206894
CHAMPION NEW ENERGY 75W90 GL 5 1L(х12),8204203
OX376DEco     (MAHLE),OX376D
LA125     (MAHLE),LA125
CHAMPION ECO FLOW 0W20 SP/RC G6 FE 4L(х4),1047254
CHAMPION ECO FLOW 5W20 SP/RC G6 FE 4L(х4),1047266
CHAMPION NEW ENERGY 75W80 MV PREMIUM 1L(х12),1048406
CHAMPION ECO FLOW 5W20 SP/RC G6 FE 1L(х12),1047263
CHAMPION ECO FLOW 0W20 SP/RC G6 FE 1L(х12),1047251
CHAMPION ECO FLOW 5W30 SP/RC G6 1L(х12),1047282
E118L04     (HENGST),E118L04
CHAMPION ECO FLOW 5W30 SP/RC G6 4L(х4),1047286
CHAMPION ECO FLOW 5W30 SP/RC G6 5L(х4),1047268
CHAMPION OEM SPECIFIC 5W30 C3 LL III 205L - NEW,1047667
CHAMPION NEW ENERGY 80W90 GL 5 1L(x12),1047708
LX839     (MAHLE),LX839
CHAMPION ECO FLOW 0W20 SP/RC G6 FE 5L(х4),1047255
OX148     (MAHLE),OX148
CHAMPION NEW ENERGY 5W40 5Lх4шт.+ CHAMPION OEM SPECIFIC 5W30 C3 5Lх1шт,8211850+8208911 (4+1)
CHAMPION ECO FLOW 10W30 SP/RC G6 HC 1L(х12),1047326
CHAMPION CORS COMBI 10W30 LA 205L,8233715
LX869     (MAHLE),LX869
KL 63o.F.     (MAHLE),KL63o.F.
E98KP     (HENGST),E98KP
EKF380 Comline - Фільтр салону ( аналогWP2110/LA923 ),EKF380
E162H D249     (HENGST),E162H D249
LX636     (MAHLE),LX636
LX578     (MAHLE),LX578
E5KP D12     (HENGST),E5KP D12
E675L D157     (HENGST),E675L D157
LXS41/1     (MAHLE),LXS41/1
LX594     (MAHLE),LX594
LX586     (MAHLE),LX586
E361L01     (HENGST),E361L01
EFF003 Comline - Фільтр палива ( аналогWF8021/KX63/1 ),EFF003
LX697     (MAHLE),LX697
E954LC01     (HENGST),E954LC01
E361H D312     (HENGST),E361H D312
WK820/15     (MANN) Фільтр палива,WK820/15
PU7011z     (MANN),PU7011z
CUK24004     (MANN),CUK24004
EFF141 Comline - Фільтр палива ( аналогWF8318/KC195 ),EFF141
WK712/2     (MANN) Фільтр палива,WK712/2
EFF169 Comline - Фільтр палива ( аналогWF8326/KL483 ),EFF169
HU824x     (MANN),HU824x
C29021     (MANN),C29021
EFF282D Comline - Фільтр палива  ( аналогWF8365/KL169/4D),EFF282D
HU947/1x     (MANN),HU947/1x
BFU900x     (MANN),BFU900x
HU925/4y     (MANN),HU925/4y
CUK4136     (MANN),CUK4136
CUK2226     (MANN),CUK2226
HU1390x     (MANN),HU1390x
C28036     (MANN),C28036
CUK23005-2     (MANN),CUK23005-2
"JASOL 2T STROKE OIL SEMISYNTH. TC RED OR GREEN, 1L",0324994
HU7035y     (MANN),HU7035y
JO Bi-Power Trans 80w90 Manual 1Lx12 GL 4,0033846
JO Bi-Power 5w40 208L SM/CF,0033837
C32130     (MANN),C32130
C24028     (MANN),C24028
JO Bi-Power  5w40 4Lx4 SM/CF,0021013
JO Bi-Power Hypo 80w90 1Lx12 GL 5,0033847
JO Bi-Power Turbo Diesel 5w40 60L CF,0038861
C35160/1     (MANN),C35160/1
JO Bi-Power Trans 75w90 Manual 1Lx12  GL-4\GL-5 п\с,0033845
CU4469     (MANN),CU4469
C28145     (MANN),C28145
C29110     (MANN),C29110
C29150     (MANN),C29150
AH373     (PURFLUX),AH373
HU6015zKIT     (MANN),HU6015zKIT
FCS747     (PURFLUX),FCS747
CS795     (PURFLUX),CS795
EP181     (PURFLUX),EP181
C14200     (MANN),C14200
C26110/2     (MANN),C26110/2
Mobil 80W-90 LUBE GX  1L (T) GL-4,0137369
C41110     (MANN),C41110
AH361     (PURFLUX),AH361
W6019     (MANN),W6019
Mobil 1  5W-30 ESP Formula D-D 4L (x4),0153918
C17010     (MANN),C17010
Mobil 1  5W-30 ESP Formula D-D 1L (x12),0153917
C2774/3KIT     (MANN),C2774/3KIT
HU6008z     (MANN),HU6008z
EP187A     (PURFLUX),EP187A
PU1059x     (MANN),PU1059x
C25016     (MANN),C25016
C25110-2     (MANN),C25110-2
WK614/11     (MANN) Фільтр палива,WK614/11
C28150     (MANN),C28150
AHC183     (PURFLUX),AHC183
C28011     (MANN),C28011
CU22011     (MANN),CU22011
WDK925     (MANN),WDK925
LB962/6     (MANN),LB962/6
C30009     (MANN),C30009
C32013     (MANN),C32013
W814/80     (MANN),W814/80
LF648 MOLDER (аналог 6396/LX158/C2443/1/AR214 (без пыльника),LF648
EP201     (PURFLUX),EP201
CU1629     (MANN),CU1629
C30017     (MANN),C30017
FCS788     (PURFLUX),FCS788
HU1381x     (MANN),HU1381x
HU7030z     (MANN),HU7030z
WK820/2x     (MANN) Фільтр палива,WK820/2x
EAF552 Comline - Фільтр повітря ( аналогWA9403/LX1926 ),EAF552
LK 358 MOLDER (аналог WP9336/LA468/S/CU24182),LK358
C24024     (MANN),C24024
HU8009z     (MANN),HU8009z
C27050     (MANN),C27050
CUK25012     (MANN),CUK25012
HU12001z     (MANN),HU12001z
EAF552 Comline - Фільтр повітря,EAF401
C32010     (MANN),C32010
WK8053z     (MANN),WK8053z
C36004     (MANN),C36004
AH364     (PURFLUX),AH364
H829/1x     (MANN),H829/1x
AHC149     (PURFLUX),AHC149
C42002     (MANN),C42002
EKF254 Comline - Фільтр салону ( аналогWP9326/LAK62 ),EKF254
"LF1811 MOLDER (аналог (WA9579, LX1921, C3220, AP1133)",LF1811
"LF1859 MOLDER (аналог (WA9596, LX1969, C50822, AP0588)",LF1859
AH267     (PURFLUX),AH267
"LF1949 MOLDER (аналог (WA9523, LX2059, C17237, AR3161)",LF1949
"LF2523 MOLDER (аналог (WA9606, LX2633, C17006, AP1515)",LF2523
"LF2569 MOLDER (аналог (WA9440, LX2679, C3028, AP0826)",LF2569
"LF2629 MOLDER (аналог (WA9709, LX2739, C26014, AP1077)",LF2629
"LF2642 MOLDER (аналог (WA9581, LX2752, C2029, AP1777)",LF2642
"LF2759 MOLDER (аналог (WA9710, LX2869, C26013, AP1078)",LF2759
"LF2771 MOLDER (аналог (WA9653, LX2881, C27107, AP0517)",LF2771
"LF2772 MOLDER (аналог (WA9654, LX2882, C26106, AP0518)",LF2772
EKF277A Comline - Фільтр салону ( аналогWP9307/LAK426/S ),EKF277A
"LF844 MOLDER (аналог (WA6695, LX954, C42871, AP1832)",LF844
EKF119 Comline - Фільтр салону,EKF124
EKF101 Comline - Фільтр салону ( аналогWP9256/LA191/S ),EKF101
"LF1172 MOLDER (аналог (WA6738, LX1282, C30872, AP1303)",LF1172
EKF216 Comline - Фільтр салону ( аналогWP9244/LA195/S ),EKF216
"LF1135 MOLDER (аналог (WA9433, LX1465, C26581, AP10)",LF1355
"LF1502 MOLDER (аналог (WA9599, LX1612, C32003, AP1441)",LF1502
"LF1507 MOLDER (аналог (WA9470, LX1617, C2567, AP0903)",LF1507
"LF1578 MOLDER (аналог (WA9529, LX1688, C2841, AP1132)",LF1578
"LF1655 MOLDER (аналог (WA9526, LX1765, C251181, AP0584)",LF1655
"LF1658 MOLDER (аналог (WA9437, LX1768, C1430, AR2462)",LF1658
"LF1698 MOLDER (аналог (WA9615, LX1808, C2775, AP1086)",LF1698
"LKX110 MOLDER (аналог WP9165, LAK220	, CUK2559, K1154A)",LKX110
"LKX132 MOLDER (аналог WP9163, LAK242, K1148A, CU5141)",LKX132
"LKX362 MOLDER (аналог WP9357, LAK472, FP2442, K1223A)",LKX362
"LK 302 MOLDER (аналог WP9310, LA412, CU3847, K1238)",LK302
EKF163A Comline - Фільтр салону,EKF163A
AH266     (PURFLUX),AH266
EKF172 Comline - Фільтр салону,EKF172
"LKX479 MOLDER (аналог WP9373, LAK589, CUK2230, K1273A)",LKX479
"LKX128 MOLDER (аналог WP6833, LAK37, CUK2897, K1016A)",LKX128
"LKX72 MOLDER (аналог WP9167, LAK182, CUK2842, K1155A)",LKX72
"LK 191 MOLDER (аналог WP9302, LA301, CU2336, K1232)",LK191
"LK 337 MOLDER (аналог WP2046, LA447, CU2331, K1314)",LK337
EKF131 Comline - Фільтр салону,EKF131
LF742 MOLDER (аналог WA6565/LX852/C12861/AR3141),LF742
FCS806     (PURFLUX),FCS806
EKF257 Comline - Фільтр салону,EKF257
"LKX21 MOLDER (аналог WP9027, LAK131, CUK2226, K1083A)",LKX21
"LF 16751 MOLDER (аналог WA9727, LX16861, C35003, AK2188)",LF16751
CYCLON F SUPER SAE 15W-40 комплект (4L+1L),F SUPER 4L+1L 15W-40
CYCLON M2T SUPER MIX 200 ml (x70),M005123
"LK 366 MOLDER (аналог WP6822, LA476, CU2337, K1011)",LK366
AHC113     (PURFLUX),AHC113
"LF 694 MOLDER (аналог WA6587, LX804S, C369832, AP11832X)",LF694
CYCLON MAGMA X-100 10W-40 5L (x4),JM06507.
CYCLON LAVA 2T SUPER MIX 1L (x12),JL02509
CYCLON MAGMA X-100 10W-40 4L (x4),JM06508.
"LKX16 MOLDER (аналог WP6817, LAK25, CUK5257, K1008A)",LKX16
CYCLON GEAR EP GL-5 SAE 80W-90 1L (x12),JE02509
CYCLON GREASE LI NLGI 2 15Kg,M028326
"LF18391 MOLDER (аналог (WA9504, C25004, AP03442X)",LF18391
"CYCLON GREASE MOLY NLGI 2 0,8Kg (x24)",M028628
CYCLON D1 EURO STD SAE 10W-40 25L,M041521
CYCLON FX 100 SAE 10W-40 (semisynthetic) 1L (x12),M039897
CYCLON GEAR SYNT - XL 75W-80 1L (x12),M036597
CYCLON GEAR EP GL-5 SAE 80W-90 20L,JE02504
CYCLON HERCULES ISO 68 20L,JI24004
CYCLON D1 SHPD SAE 10W-40 4L (x4),M040298
CYCLON GEAR HD GL-4 SAE 80W-90 1L (x12),JE04509
CYCLON GREASE LI EP NLGI 3 15Kg,M028926
_Стійка під фарбу Nowax_,
